date,transect,quadrat,timeBegin,timeEnd,lat,lon,shoots,shootID,shootLength,shootWidth,densityID,densityValue,substrate,collector,notes
5/29/2025,MBX,NA,930,1030,59.631816,-151.49233,0,NA,NA,NA,1,none,sand-mud,Whippo,"Ulva only between this point and head of bay, sand-mud"
5/29/2025,MBX,NA,930,1030,59.633065,-151.491288,0,NA,NA,NA,1,none,mud,Whippo,"Ulva only, mud"
5/29/2025,MBX,NA,930,1030,59.633158,-151.491214,NA,NA,NA,NA,1,trace,mud,Whippo,"mud, small trace Z. marina"
5/29/2025,MBX,NA,930,1030,59.633774,-151.490846,0,NA,NA,NA,1,trace,mud,Whippo,"mud, ulva, Z. marina"
5/29/2025,MB01,1,930,1030,59.634715,-151.491173,0,NA,NA,NA,1,none,gravel-sand,Whippo,"only ulva mud NW of quad, gravel-sand in Q1"
5/29/2025,MB01,1,930,1030,59.634715,-151.491173,0,NA,NA,NA,2,none,gravel-sand,Whippo,"only ulva mud NW of quad, gravel-sand in Q1"
5/29/2025,MB01,1,930,1030,59.634715,-151.491173,0,NA,NA,NA,3,none,gravel-sand,Whippo,"only ulva mud NW of quad, gravel-sand in Q1"
5/29/2025,MB01,1,930,1030,59.634715,-151.491173,0,NA,NA,NA,4,none,gravel-sand,Whippo,"only ulva mud NW of quad, gravel-sand in Q1"
5/29/2025,MB01,1,930,1030,59.634715,-151.491173,0,NA,NA,NA,5,trace,gravel-sand,Whippo,"only ulva mud NW of quad, gravel-sand in Q1"
5/29/2025,MB01,2,930,1030,59.634302,-151.490264,0,NA,NA,NA,1,none,mud,Whippo,mud Q2
5/29/2025,MB01,2,930,1030,59.634302,-151.490264,0,NA,NA,NA,2,trace,mud,Whippo,mud Q2
5/29/2025,MB01,2,930,1030,59.634302,-151.490264,0,NA,NA,NA,3,none,mud,Whippo,mud Q2
5/29/2025,MB01,2,930,1030,59.634302,-151.490264,0,NA,NA,NA,4,trace,mud,Whippo,mud Q2
5/29/2025,MB01,2,930,1030,59.634302,-151.490264,0,NA,NA,NA,5,none,mud,Whippo,mud Q2
5/29/2025,MB01,3,930,1030,59.633909,-151.48904,0,NA,NA,NA,1,trace,mud,Whippo,mud Q3
5/29/2025,MB01,3,930,1030,59.633909,-151.48904,0,NA,NA,NA,2,trace,mud,Whippo,mud Q3
5/29/2025,MB01,3,930,1030,59.633909,-151.48904,0,NA,NA,NA,3,trace,mud,Whippo,mud Q3
5/29/2025,MB01,3,930,1030,59.633909,-151.48904,0,NA,NA,NA,4,trace,mud,Whippo,mud Q3
5/29/2025,MB01,3,930,1030,59.633909,-151.48904,0,NA,NA,NA,5,trace,mud,Whippo,mud Q3
5/29/2025,MB01,4,930,1030,59.633509,-151.487963,1,1,23,NA,1,trace,mud,Whippo,mud Q4
5/29/2025,MB01,4,930,1030,59.633509,-151.487963,1,1,23,NA,2,trace,mud,Whippo,mud Q4
5/29/2025,MB01,4,930,1030,59.633509,-151.487963,1,1,23,NA,3,trace,mud,Whippo,mud Q4
5/29/2025,MB01,4,930,1030,59.633509,-151.487963,1,1,23,NA,4,trace,mud,Whippo,mud Q4
5/29/2025,MB01,4,930,1030,59.633509,-151.487963,1,1,23,NA,5,trace,mud,Whippo,mud Q4
5/29/2025,MB01,5,930,1030,59.633143,-151.486916,0,NA,NA,NA,1,trace,mud,Whippo,mud Q5
5/29/2025,MB01,5,930,1030,59.633143,-151.486916,0,NA,NA,NA,2,trace,mud,Whippo,mud Q5
5/29/2025,MB01,5,930,1030,59.633143,-151.486916,0,NA,NA,NA,3,trace,mud,Whippo,mud Q5
5/29/2025,MB01,5,930,1030,59.633143,-151.486916,0,NA,NA,NA,4,trace,mud,Whippo,mud Q5
5/29/2025,MB01,5,930,1030,59.633143,-151.486916,0,NA,NA,NA,5,trace,mud,Whippo,mud Q5
5/29/2025,MB01,6,930,1030,59.632748,-151.48588,0,NA,NA,NA,1,trace,mud,Whippo,mud Q6
5/29/2025,MB01,6,930,1030,59.632748,-151.48588,0,NA,NA,NA,2,none,mud,Whippo,mud Q6
5/29/2025,MB01,6,930,1030,59.632748,-151.48588,0,NA,NA,NA,3,trace,mud,Whippo,mud Q6
5/29/2025,MB01,6,930,1030,59.632748,-151.48588,0,NA,NA,NA,4,trace,mud,Whippo,mud Q6
5/29/2025,MB01,6,930,1030,59.632748,-151.48588,0,NA,NA,NA,5,none,mud,Whippo,mud Q6
5/29/2025,MB01,7,930,1030,59.632342,-151.484805,0,NA,NA,NA,1,none,mud,Whippo,mud Q7
5/29/2025,MB01,7,930,1030,59.632342,-151.484805,0,NA,NA,NA,2,none,mud,Whippo,mud Q7
5/29/2025,MB01,7,930,1030,59.632342,-151.484805,0,NA,NA,NA,3,none,mud,Whippo,mud Q7
5/29/2025,MB01,7,930,1030,59.632342,-151.484805,0,NA,NA,NA,4,trace,mud,Whippo,mud Q7
5/29/2025,MB01,7,930,1030,59.632342,-151.484805,0,NA,NA,NA,5,none,mud,Whippo,mud Q7
5/29/2025,MB01,8,930,1030,59.631967,-151.483786,0,NA,NA,NA,1,trace,mud,Whippo,mud Q8
5/29/2025,MB01,8,930,1030,59.631967,-151.483786,0,NA,NA,NA,2,none,mud,Whippo,mud Q8
5/29/2025,MB01,8,930,1030,59.631967,-151.483786,0,NA,NA,NA,3,none,mud,Whippo,mud Q8
5/29/2025,MB01,8,930,1030,59.631967,-151.483786,0,NA,NA,NA,4,none,mud,Whippo,mud Q8
5/29/2025,MB01,8,930,1030,59.631967,-151.483786,0,NA,NA,NA,5,none,mud,Whippo,mud Q8
5/29/2025,MB01,9,930,1030,59.631559,-151.482691,0,NA,NA,NA,1,trace,mud,Whippo,mud Q9
5/29/2025,MB01,9,930,1030,59.631559,-151.482691,0,NA,NA,NA,2,none,mud,Whippo,mud Q9
5/29/2025,MB01,9,930,1030,59.631559,-151.482691,0,NA,NA,NA,3,none,mud,Whippo,mud Q9
5/29/2025,MB01,9,930,1030,59.631559,-151.482691,0,NA,NA,NA,4,none,mud,Whippo,mud Q9
5/29/2025,MB01,9,930,1030,59.631559,-151.482691,0,NA,NA,NA,5,none,mud,Whippo,mud Q9
5/29/2025,MB01,10,930,1030,59.631164,-151.48163,0,NA,NA,NA,1,trace,mud,Whippo,mud Q10
5/29/2025,MB01,10,930,1030,59.631164,-151.48163,0,NA,NA,NA,2,trace,mud,Whippo,mud Q10
5/29/2025,MB01,10,930,1030,59.631164,-151.48163,0,NA,NA,NA,3,trace,mud,Whippo,mud Q10
5/29/2025,MB01,10,930,1030,59.631164,-151.48163,0,NA,NA,NA,4,none,mud,Whippo,mud Q10
5/29/2025,MB01,10,930,1030,59.631164,-151.48163,0,NA,NA,NA,5,none,mud,Whippo,mud Q10
5/29/2025,MB01,11,930,1030,59.630787,-151.480554,0,NA,NA,NA,1,trace,mud,Whippo,mud Q11
5/29/2025,MB01,11,930,1030,59.630787,-151.480554,0,NA,NA,NA,2,trace,mud,Whippo,mud Q11
5/29/2025,MB01,11,930,1030,59.630787,-151.480554,0,NA,NA,NA,3,none,mud,Whippo,mud Q11
5/29/2025,MB01,11,930,1030,59.630787,-151.480554,0,NA,NA,NA,4,trace,mud,Whippo,mud Q11
5/29/2025,MB01,11,930,1030,59.630787,-151.480554,0,NA,NA,NA,5,none,mud,Whippo,mud Q11
5/29/2025,MB01,12,930,1030,59.630366,-151.479438,0,NA,NA,NA,1,trace,mud,Whippo,mud Q12
5/29/2025,MB01,12,930,1030,59.630366,-151.479438,0,NA,NA,NA,2,trace,mud,Whippo,mud Q12
5/29/2025,MB01,12,930,1030,59.630366,-151.479438,0,NA,NA,NA,3,trace,mud,Whippo,mud Q12
5/29/2025,MB01,12,930,1030,59.630366,-151.479438,0,NA,NA,NA,4,none,mud,Whippo,mud Q12
5/29/2025,MB01,12,930,1030,59.630366,-151.479438,0,NA,NA,NA,5,trace,mud,Whippo,mud Q12
5/29/2025,MB01,13,930,1030,59.630026,-151.478262,0,NA,NA,NA,1,trace,mud,Whippo,mud Q13
5/29/2025,MB01,13,930,1030,59.630026,-151.478262,0,NA,NA,NA,2,trace,mud,Whippo,mud Q13
5/29/2025,MB01,13,930,1030,59.630026,-151.478262,0,NA,NA,NA,3,none,mud,Whippo,mud Q13
5/29/2025,MB01,13,930,1030,59.630026,-151.478262,0,NA,NA,NA,4,trace,mud,Whippo,mud Q13
5/29/2025,MB01,13,930,1030,59.630026,-151.478262,0,NA,NA,NA,5,none,mud,Whippo,mud Q13
5/29/2025,MB01,14,930,1030,59.62959,-151.477271,0,NA,NA,NA,1,trace,mud,Whippo,mud Q14
5/29/2025,MB01,14,930,1030,59.62959,-151.477271,0,NA,NA,NA,2,trace,mud,Whippo,mud Q14
5/29/2025,MB01,14,930,1030,59.62959,-151.477271,0,NA,NA,NA,3,trace,mud,Whippo,mud Q14
5/29/2025,MB01,14,930,1030,59.62959,-151.477271,0,NA,NA,NA,4,none,mud,Whippo,mud Q14
5/29/2025,MB01,14,930,1030,59.62959,-151.477271,0,NA,NA,NA,5,trace,mud,Whippo,mud Q14
5/29/2025,MB01,15,930,1030,59.629232,-151.47618,0,NA,NA,NA,1,trace,mud,Whippo,mud Q15
5/29/2025,MB02,1,1100,1145,59.629942,-151.4544,63,1,36,NA,1,thick,mud,Whippo,
5/29/2025,MB02,1,1100,1145,59.629942,-151.4544,63,2,40,NA,2,thick,mud,Whippo,
5/29/2025,MB02,1,1100,1145,59.629942,-151.4544,63,3,41,NA,3,thick,mud,Whippo,
5/29/2025,MB02,1,1100,1145,59.629942,-151.4544,63,4,38,NA,4,thick,mud,Whippo,
5/29/2025,MB02,1,1100,1145,59.629942,-151.4544,63,5,31,NA,5,thick,mud,Whippo,
5/29/2025,MB02,2,1100,1145,59.63037,-151.455303,44,1,30,NA,1,thick,mud,Whippo,
5/29/2025,MB02,2,1100,1145,59.63037,-151.455303,44,2,33,NA,2,thick,mud,Whippo,
5/29/2025,MB02,2,1100,1145,59.63037,-151.455303,44,3,47,NA,3,thick,mud,Whippo,
5/29/2025,MB02,2,1100,1145,59.63037,-151.455303,44,4,44,NA,4,thick,mud,Whippo,
5/29/2025,MB02,2,1100,1145,59.63037,-151.455303,44,5,27,NA,5,thick,mud,Whippo,
5/29/2025,MB02,2,1100,1145,59.63037,-151.455303,44,NA,NA,NA,6,thick,mud,Whippo,
5/29/2025,MB02,2,1100,1145,59.63037,-151.455303,44,NA,NA,NA,7,thick,mud,Whippo,
5/29/2025,MB02,2,1100,1145,59.63037,-151.455303,44,NA,NA,NA,8,thick,mud,Whippo,
5/29/2025,MB02,2,1100,1145,59.63037,-151.455303,44,NA,NA,NA,9,thick,mud,Whippo,
5/29/2025,MB02,3,1100,1145,59.631175,-151.457034,36,1,42,NA,1,thick,mud,Whippo,
5/29/2025,MB02,3,1100,1145,59.631175,-151.457034,36,2,49,NA,2,thick,mud,Whippo,
5/29/2025,MB02,3,1100,1145,59.631175,-151.457034,36,3,42,NA,3,thick,mud,Whippo,
5/29/2025,MB02,3,1100,1145,59.631175,-151.457034,36,4,29,NA,4,thick,mud,Whippo,
5/29/2025,MB02,3,1100,1145,59.631175,-151.457034,36,5,30,NA,5,thick,mud,Whippo,
5/29/2025,MB02,3,1100,1145,59.631175,-151.457034,36,NA,NA,NA,6,thick,mud,Whippo,
5/29/2025,MB02,3,1100,1145,59.631175,-151.457034,36,NA,NA,NA,7,thick,mud,Whippo,
5/29/2025,MB02,3,1100,1145,59.631175,-151.457034,36,NA,NA,NA,8,thick,mud,Whippo,
5/29/2025,MB02,3,1100,1145,59.631175,-151.457034,36,NA,NA,NA,9,thick,mud,Whippo,
5/29/2025,MB02,3,1100,1145,59.631175,-151.457034,36,NA,NA,NA,10,thick,mud,Whippo,
5/29/2025,MB02,3,1100,1145,59.631175,-151.457034,36,NA,NA,NA,11,thick,mud,Whippo,
5/29/2025,MB02,3,1100,1145,59.631175,-151.457034,36,NA,NA,NA,12,thick,mud,Whippo,
5/29/2025,MB02,3,1100,1145,59.631175,-151.457034,36,NA,NA,NA,13,thick,mud,Whippo,
5/29/2025,MB02,3,1100,1145,59.631175,-151.457034,36,NA,NA,NA,14,thick,mud,Whippo,
5/29/2025,MB02,3,1100,1145,59.631175,-151.457034,36,NA,NA,NA,15,thick,mud,Whippo,
5/29/2025,MB02,3,1100,1145,59.631175,-151.457034,36,NA,NA,NA,16,thick,mud,Whippo,
5/29/2025,MB02,3,1100,1145,59.631175,-151.457034,36,NA,NA,NA,17,thick,mud,Whippo,
5/29/2025,MB02,4,1100,1145,59.63282,-151.46012,39,1,41,NA,1,thick,mud,Whippo,
5/29/2025,MB02,4,1100,1145,59.63282,-151.46012,39,2,45,NA,2,thick,mud,Whippo,
5/29/2025,MB02,4,1100,1145,59.63282,-151.46012,39,3,39,NA,3,thick,mud,Whippo,
5/29/2025,MB02,4,1100,1145,59.63282,-151.46012,39,4,47,NA,4,thick,mud,Whippo,
5/29/2025,MB02,4,1100,1145,59.63282,-151.46012,39,5,50,NA,5,thick,mud,Whippo,
5/29/2025,MB02,4,1100,1145,59.63282,-151.46012,39,NA,NA,NA,6,thick,mud,Whippo,
5/29/2025,MB02,4,1100,1145,59.63282,-151.46012,39,NA,NA,NA,7,thick,mud,Whippo,
5/29/2025,MB02,4,1100,1145,59.63282,-151.46012,39,NA,NA,NA,8,thick,mud,Whippo,
5/29/2025,MB02,4,1100,1145,59.63282,-151.46012,39,NA,NA,NA,9,thick,mud,Whippo,
5/29/2025,MB02,4,1100,1145,59.63282,-151.46012,39,NA,NA,NA,10,thick,mud,Whippo,
5/29/2025,MB02,4,1100,1145,59.63282,-151.46012,39,NA,NA,NA,11,moderate,mud,Whippo,
5/29/2025,MB02,4,1100,1145,59.63282,-151.46012,39,NA,NA,NA,12,thick,mud,Whippo,
5/29/2025,MB02,4,1100,1145,59.63282,-151.46012,39,NA,NA,NA,13,thick,mud,Whippo,
5/29/2025,MB02,4,1100,1145,59.63282,-151.46012,39,NA,NA,NA,14,moderate,mud,Whippo,
5/29/2025,MB02,4,1100,1145,59.63282,-151.46012,39,NA,NA,NA,15,thick,mud,Whippo,
5/29/2025,MB02,4,1100,1145,59.63282,-151.46012,39,NA,NA,NA,16,moderate,mud,Whippo,
5/29/2025,MB02,4,1100,1145,59.63282,-151.46012,39,NA,NA,NA,17,thick,mud,Whippo,
5/29/2025,MB02,5,1100,1145,59.634451,-151.463085,40,1,37,NA,1,thick,mud,Whippo,
5/29/2025,MB02,5,1100,1145,59.634451,-151.463085,40,2,46,NA,NA,NA,mud,Whippo,
5/29/2025,MB02,5,1100,1145,59.634451,-151.463085,40,3,51,NA,NA,NA,mud,Whippo,
5/29/2025,MB02,5,1100,1145,59.634451,-151.463085,40,4,50,NA,NA,NA,mud,Whippo,
5/29/2025,MB02,5,1100,1145,59.634451,-151.463085,40,5,38,NA,NA,NA,mud,Whippo,
5/30/2025,MB02,1,935,1020,59.639871,-151.474491,0,NA,NA,NA,1,none,mud-cobble,Whippo,
5/30/2025,MB02,1,935,1020,59.639871,-151.474491,0,NA,NA,NA,2,none,mud-cobble,Whippo,
5/30/2025,MB02,1,935,1020,59.639871,-151.474491,0,NA,NA,NA,3,none,mud-cobble,Whippo,
5/30/2025,MB02,1,935,1020,59.639871,-151.474491,0,NA,NA,NA,4,none,mud-cobble,Whippo,
5/30/2025,MB02,1,935,1020,59.639871,-151.474491,0,NA,NA,NA,5,none,mud-cobble,Whippo,
5/30/2025,MB02,1,935,1020,59.639871,-151.474491,0,NA,NA,NA,6,none,mud-cobble,Whippo,
5/30/2025,MB02,1,935,1020,59.639871,-151.474491,0,NA,NA,NA,7,trace,mud-cobble,Whippo,
5/30/2025,MB02,1,935,1020,59.639871,-151.474491,0,NA,NA,NA,8,trace,mud-cobble,Whippo,
5/30/2025,MB02,1,935,1020,59.639871,-151.474491,0,NA,NA,NA,9,trace,mud-cobble,Whippo,
5/30/2025,MB02,2,935,1020,59.639067,-151.47285,0,NA,NA,NA,1,trace,mud,Whippo,
5/30/2025,MB02,2,935,1020,59.639067,-151.47285,0,NA,NA,NA,2,trace,mud,Whippo,
5/30/2025,MB02,2,935,1020,59.639067,-151.47285,0,NA,NA,NA,3,trace,mud,Whippo,
5/30/2025,MB02,2,935,1020,59.639067,-151.47285,0,NA,NA,NA,4,trace,mud,Whippo,
5/30/2025,MB02,2,935,1020,59.639067,-151.47285,0,NA,NA,NA,5,trace,mud,Whippo,
5/30/2025,MB02,2,935,1020,59.639067,-151.47285,0,NA,NA,NA,6,trace,mud,Whippo,
5/30/2025,MB02,2,935,1020,59.639067,-151.47285,0,NA,NA,NA,7,trace,mud,Whippo,
5/30/2025,MB02,2,935,1020,59.639067,-151.47285,0,NA,NA,NA,8,trace,mud,Whippo,
5/30/2025,MB02,2,935,1020,59.639067,-151.47285,0,NA,NA,NA,9,trace,mud,Whippo,
5/30/2025,MB02,3,935,1020,59.638278,-151.471198,2,1,9,NA,1,trace,mud,Whippo,
5/30/2025,MB02,3,935,1020,59.638278,-151.471198,2,2,5,NA,2,trace,mud,Whippo,
5/30/2025,MB02,3,935,1020,59.638278,-151.471198,2,NA,NA,NA,3,trace,mud,Whippo,
5/30/2025,MB02,3,935,1020,59.638278,-151.471198,2,NA,NA,NA,4,trace,mud,Whippo,
5/30/2025,MB02,3,935,1020,59.638278,-151.471198,2,NA,NA,NA,5,trace,mud,Whippo,
5/30/2025,MB02,3,935,1020,59.638278,-151.471198,2,NA,NA,NA,6,trace,mud,Whippo,
5/30/2025,MB02,3,935,1020,59.638278,-151.471198,2,NA,NA,NA,7,trace,mud,Whippo,
5/30/2025,MB02,3,935,1020,59.638278,-151.471198,2,NA,NA,NA,8,trace,mud,Whippo,
5/30/2025,MB02,3,935,1020,59.638278,-151.471198,2,NA,NA,NA,9,trace,mud,Whippo,
5/30/2025,MB02,4,935,1020,59.637434,-151.469503,1,1,6,NA,1,trace,mud,Whippo,
5/30/2025,MB02,4,935,1020,59.637434,-151.469503,NA,NA,NA,NA,2,trace,mud,Whippo,
5/30/2025,MB02,4,935,1020,59.637434,-151.469503,NA,NA,NA,NA,3,trace,mud,Whippo,
5/30/2025,MB02,4,935,1020,59.637434,-151.469503,NA,NA,NA,NA,4,trace,mud,Whippo,
5/30/2025,MB02,4,935,1020,59.637434,-151.469503,NA,NA,NA,NA,5,trace,mud,Whippo,
5/30/2025,MB02,4,935,1020,59.637434,-151.469503,NA,NA,NA,NA,6,trace,mud,Whippo,
5/30/2025,MB02,4,935,1020,59.637434,-151.469503,NA,NA,NA,NA,7,trace,mud,Whippo,
5/30/2025,MB02,4,935,1020,59.637434,-151.469503,NA,NA,NA,NA,8,sparse,mud,Whippo,
5/30/2025,MB02,4,935,1020,59.637434,-151.469503,NA,NA,NA,NA,9,trace,mud,Whippo,
5/30/2025,MB02,5,935,1020,59.636677,-151.468212,1,1,10,NA,1,trace,mud,Whippo,
5/30/2025,MB02,5,935,1020,59.636677,-151.468212,NA,NA,NA,NA,2,trace,mud,Whippo,
5/30/2025,MB02,5,935,1020,59.636677,-151.468212,NA,NA,NA,NA,3,sparse,mud,Whippo,
5/30/2025,MB02,5,935,1020,59.636677,-151.468212,NA,NA,NA,NA,4,sparse,mud,Whippo,
5/30/2025,MB02,5,935,1020,59.636677,-151.468212,NA,NA,NA,NA,5,sparse,mud,Whippo,
5/30/2025,MB02,5,935,1020,59.636677,-151.468212,NA,NA,NA,NA,6,sparse,mud,Whippo,
5/30/2025,MB02,5,935,1020,59.636677,-151.468212,NA,NA,NA,NA,7,sparse,mud,Whippo,
5/30/2025,MB02,5,935,1020,59.636677,-151.468212,NA,NA,NA,NA,8,trace,mud,Whippo,
5/30/2025,MB02,5,935,1020,59.636677,-151.468212,NA,NA,NA,NA,9,trace,mud,Whippo,
5/30/2025,MB02,6,935,1020,59.635975,-151.466773,2,1,3,NA,1,trace,mud,Whippo,
5/30/2025,MB02,6,935,1020,59.635975,-151.466773,2,2,9,NA,2,sparse,mud,Whippo,
5/30/2025,MB02,6,935,1020,59.635975,-151.466773,2,NA,NA,NA,3,sparse,mud,Whippo,
5/30/2025,MB02,6,935,1020,59.635975,-151.466773,2,NA,NA,NA,4,sparse,mud,Whippo,
5/30/2025,MB02,6,935,1020,59.635975,-151.466773,2,NA,NA,NA,5,sparse,mud,Whippo,
5/30/2025,MB02,6,935,1020,59.635975,-151.466773,2,NA,NA,NA,6,sparse,mud,Whippo,
5/30/2025,MB02,6,935,1020,59.635975,-151.466773,2,NA,NA,NA,7,sparse,mud,Whippo,
5/30/2025,MB02,6,935,1020,59.635975,-151.466773,2,NA,NA,NA,8,sparse,mud,Whippo,
5/30/2025,MB02,6,935,1020,59.635975,-151.466773,2,NA,NA,NA,9,thin,mud,Whippo,
5/30/2025,MB02,7,935,1020,59.635151,-151.465241,3,1,10,NA,1,sparse,mud,Whippo,
5/30/2025,MB02,7,935,1020,59.635151,-151.465241,3,2,2,NA,2,thin,mud,Whippo,
5/30/2025,MB02,7,935,1020,59.635151,-151.465241,3,3,4,NA,3,thin,mud,Whippo,
5/30/2025,MB02,7,935,1020,59.635151,-151.465241,3,NA,NA,NA,4,moderate,mud,Whippo,
5/30/2025,MB02,7,935,1020,59.635151,-151.465241,3,NA,NA,NA,5,thin,mud,Whippo,
5/30/2025,MB02,7,935,1020,59.635151,-151.465241,3,NA,NA,NA,6,moderate,mud,Whippo,
5/30/2025,MB02,7,935,1020,59.635151,-151.465241,3,NA,NA,NA,7,moderate,mud,Whippo,
5/30/2025,MB02,7,935,1020,59.635151,-151.465241,3,NA,NA,NA,8,moderate,mud,Whippo,
5/30/2025,MB02,7,935,1020,59.635151,-151.465241,3,NA,NA,NA,9,moderate,mud,Whippo,
5/30/2025,MB02,8,935,1020,59.634432,-151.463582,28,1,41,NA,1,thick,mud,Whippo,
5/30/2025,MB02,8,935,1020,59.634432,-151.463582,28,2,25,NA,2,thick,mud,Whippo,
5/30/2025,MB02,8,935,1020,59.634432,-151.463582,28,3,45,NA,3,moderate,mud,Whippo,
5/30/2025,MB02,8,935,1020,59.634432,-151.463582,28,4,54,NA,4,thick,mud,Whippo,
5/30/2025,MB02,8,935,1020,59.634432,-151.463582,28,5,47,NA,5,thick,mud,Whippo,
5/30/2025,MB02,8,935,1020,59.634432,-151.463582,28,NA,NA,NA,6,thick,mud,Whippo,
5/30/2025,MB02,8,935,1020,59.634432,-151.463582,28,NA,NA,NA,7,thick,mud,Whippo,
5/30/2025,MB02,8,935,1020,59.634432,-151.463582,28,NA,NA,NA,8,thick,mud,Whippo,
5/30/2025,MB02,8,935,1020,59.634432,-151.463582,28,NA,NA,NA,9,moderate,mud,Whippo,
5/30/2025,MB02,9,935,1020,59.633682,-151.462151,36,1,32,NA,1,thick,mud,Whippo,reproductive eelgrass Q9
5/30/2025,MB02,9,935,1020,59.633682,-151.462151,36,2,33,NA,NA,NA,mud,Whippo,reproductive eelgrass Q9
5/30/2025,MB02,9,935,1020,59.633682,-151.462151,36,3,47,NA,NA,NA,mud,Whippo,reproductive eelgrass Q9
5/30/2025,MB02,9,935,1020,59.633682,-151.462151,36,4,22,NA,NA,NA,mud,Whippo,reproductive eelgrass Q9
5/30/2025,MB02,9,935,1020,59.633682,-151.462151,36,5,35,NA,NA,NA,mud,Whippo,reproductive eelgrass Q9
5/30/2025,MB03,1,1050,1150,59.63753,-151.44505,3,1,21,NA,1,trace,sand,Whippo,
5/30/2025,MB03,1,1050,1150,59.63753,-151.44505,3,2,15,NA,2,trace,sand,Whippo,
5/30/2025,MB03,1,1050,1150,59.63753,-151.44505,3,3,16,NA,3,trace,sand,Whippo,
5/30/2025,MB03,1,1050,1150,59.63753,-151.44505,3,NA,NA,NA,4,trace,sand,Whippo,
5/30/2025,MB03,1,1050,1150,59.63753,-151.44505,3,NA,NA,NA,5,trace,sand,Whippo,
5/30/2025,MB03,1,1050,1150,59.63753,-151.44505,3,NA,NA,NA,6,trace,sand,Whippo,
5/30/2025,MB03,1,1050,1150,59.63753,-151.44505,3,NA,NA,NA,7,sparse,sand,Whippo,
5/30/2025,MB03,1,1050,1150,59.63753,-151.44505,3,NA,NA,NA,8,trace,sand,Whippo,
5/30/2025,MB03,1,1050,1150,59.63753,-151.44505,3,NA,NA,NA,9,thin,sand,Whippo,
5/30/2025,MB03,2,1050,1150,59.638559,-151.446665,0,NA,NA,NA,1,none,sand-hash,Whippo,
5/30/2025,MB03,2,1050,1150,59.638559,-151.446665,0,NA,NA,NA,2,trace,sand-hash,Whippo,
5/30/2025,MB03,2,1050,1150,59.638559,-151.446665,0,NA,NA,NA,3,trace,sand-hash,Whippo,
5/30/2025,MB03,2,1050,1150,59.638559,-151.446665,0,NA,NA,NA,4,none,sand-hash,Whippo,
5/30/2025,MB03,2,1050,1150,59.638559,-151.446665,0,NA,NA,NA,5,none,sand-hash,Whippo,
5/30/2025,MB03,2,1050,1150,59.638559,-151.446665,0,NA,NA,NA,6,thin,sand-hash,Whippo,
5/30/2025,MB03,2,1050,1150,59.638559,-151.446665,0,NA,NA,NA,7,moderate,sand-hash,Whippo,
5/30/2025,MB03,2,1050,1150,59.638559,-151.446665,0,NA,NA,NA,8,thick,sand-hash,Whippo,
5/30/2025,MB03,2,1050,1150,59.638559,-151.446665,0,NA,NA,NA,9,thick,sand-hash,Whippo,
5/30/2025,MB03,3,1050,1150,59.639412,-151.448366,57,1,39,NA,1,moderate,mud-sand,Whippo,herring eggs(?) on grass Q3
5/30/2025,MB03,3,1050,1150,59.639412,-151.448366,57,2,41,NA,2,moderate,mud-sand,Whippo,herring eggs(?) on grass Q3
5/30/2025,MB03,3,1050,1150,59.639412,-151.448366,57,3,43,NA,3,moderate,mud-sand,Whippo,herring eggs(?) on grass Q3
5/30/2025,MB03,3,1050,1150,59.639412,-151.448366,57,4,36,NA,4,thick,mud-sand,Whippo,herring eggs(?) on grass Q3
5/30/2025,MB03,3,1050,1150,59.639412,-151.448366,57,5,28,NA,5,thick,mud-sand,Whippo,herring eggs(?) on grass Q3
5/30/2025,MB03,3,1050,1150,59.639412,-151.448366,57,NA,NA,NA,6,thick,mud-sand,Whippo,herring eggs(?) on grass Q3
5/30/2025,MB03,3,1050,1150,59.639412,-151.448366,57,NA,NA,NA,7,thick,mud-sand,Whippo,herring eggs(?) on grass Q3
5/30/2025,MB03,3,1050,1150,59.639412,-151.448366,57,NA,NA,NA,8,thick,mud-sand,Whippo,herring eggs(?) on grass Q3
5/30/2025,MB03,3,1050,1150,59.639412,-151.448366,57,NA,NA,NA,9,thick,mud-sand,Whippo,herring eggs(?) on grass Q3
5/30/2025,MB03,4,1050,1150,59.640303,-151.450179,73,1,36,NA,1,thick,mud-sand,Whippo,
5/30/2025,MB03,4,1050,1150,59.640303,-151.450179,73,2,30,NA,2,thick,mud-sand,Whippo,
5/30/2025,MB03,4,1050,1150,59.640303,-151.450179,73,3,43,NA,3,thick,mud-sand,Whippo,
5/30/2025,MB03,4,1050,1150,59.640303,-151.450179,73,4,23,NA,4,thick,mud-sand,Whippo,
5/30/2025,MB03,4,1050,1150,59.640303,-151.450179,73,5,28,NA,5,thick,mud-sand,Whippo,
5/30/2025,MB03,4,1050,1150,59.640303,-151.450179,73,NA,NA,NA,6,thick,mud-sand,Whippo,
5/30/2025,MB03,4,1050,1150,59.640303,-151.450179,73,NA,NA,NA,7,thick,mud-sand,Whippo,
5/30/2025,MB03,4,1050,1150,59.640303,-151.450179,73,NA,NA,NA,8,thick,mud-sand,Whippo,
5/30/2025,MB03,4,1050,1150,59.640303,-151.450179,73,NA,NA,NA,9,thick,mud-sand,Whippo,
5/30/2025,MB03,5,1050,1150,59.641096,-151.451693,68,1,32,NA,1,thick,mud-sand,Whippo,
5/30/2025,MB03,5,1050,1150,59.641096,-151.451693,68,2,35,NA,2,thick,mud-sand,Whippo,
5/30/2025,MB03,5,1050,1150,59.641096,-151.451693,68,3,42,NA,3,thick,mud-sand,Whippo,
5/30/2025,MB03,5,1050,1150,59.641096,-151.451693,68,4,40,NA,4,thick,mud-sand,Whippo,
5/30/2025,MB03,5,1050,1150,59.641096,-151.451693,68,5,34,NA,5,thick,mud-sand,Whippo,
5/30/2025,MB03,5,1050,1150,59.641096,-151.451693,68,NA,NA,NA,6,thick,mud-sand,Whippo,
5/30/2025,MB03,5,1050,1150,59.641096,-151.451693,68,NA,NA,NA,7,moderate,mud-sand,Whippo,
5/30/2025,MB03,5,1050,1150,59.641096,-151.451693,68,NA,NA,NA,8,thick,mud-sand,Whippo,
5/30/2025,MB03,5,1050,1150,59.641096,-151.451693,68,NA,NA,NA,9,moderate,mud-sand,Whippo,
5/30/2025,MB03,6,1050,1150,59.641988,-151.453214,41,1,35,NA,1,moderate,mud-sand,Whippo,
5/30/2025,MB03,6,1050,1150,59.641988,-151.453214,41,2,35,NA,2,thick,mud-sand,Whippo,
5/30/2025,MB03,6,1050,1150,59.641988,-151.453214,41,3,35,NA,3,sparse,mud-sand,Whippo,
5/30/2025,MB03,6,1050,1150,59.641988,-151.453214,41,4,32,NA,4,sparse,mud-sand,Whippo,
5/30/2025,MB03,6,1050,1150,59.641988,-151.453214,41,5,27,NA,5,thin,mud-sand,Whippo,
5/30/2025,MB03,6,1050,1150,59.641988,-151.453214,41,NA,NA,NA,6,sparse,mud-sand,Whippo,
5/30/2025,MB03,6,1050,1150,59.641988,-151.453214,41,NA,NA,NA,7,thin,mud-sand,Whippo,
5/30/2025,MB03,6,1050,1150,59.641988,-151.453214,41,NA,NA,NA,8,sparse,mud-sand,Whippo,
5/30/2025,MB03,6,1050,1150,59.641988,-151.453214,41,NA,NA,NA,9,sparse,mud-sand,Whippo,
5/30/2025,MB03,7,1050,1150,59.642844,-151.454665,1,1,7,NA,1,sparse,mud-sand,Whippo,
5/30/2025,MB03,7,1050,1150,59.642844,-151.454665,NA,NA,NA,NA,2,thin,mud-sand,Whippo,
5/30/2025,MB03,7,1050,1150,59.642844,-151.454665,NA,NA,NA,NA,3,sparse,mud-sand,Whippo,
5/30/2025,MB03,7,1050,1150,59.642844,-151.454665,NA,NA,NA,NA,4,sparse,mud-sand,Whippo,
5/30/2025,MB03,7,1050,1150,59.642844,-151.454665,NA,NA,NA,NA,5,trace,mud-sand,Whippo,
5/30/2025,MB03,7,1050,1150,59.642844,-151.454665,NA,NA,NA,NA,6,trace,mud-sand,Whippo,
5/30/2025,MB03,7,1050,1150,59.642844,-151.454665,NA,NA,NA,NA,7,none,mud-sand,Whippo,
5/30/2025,MB03,7,1050,1150,59.642844,-151.454665,NA,NA,NA,NA,8,none,mud-sand,Whippo,
5/30/2025,MB03,7,1050,1150,59.642844,-151.454665,NA,NA,NA,NA,9,none,mud-sand,Whippo,
5/30/2025,MB03,8,1050,1150,59.643602,-151.456355,0,NA,NA,NA,1,none,mud,Whippo,
5/30/2025,MB03,8,1050,1150,59.643602,-151.456355,0,NA,NA,NA,2,trace,mud,Whippo,
5/30/2025,MB03,8,1050,1150,59.643602,-151.456355,0,NA,NA,NA,3,none,mud,Whippo,
5/30/2025,MB03,8,1050,1150,59.643602,-151.456355,0,NA,NA,NA,4,trace,mud,Whippo,
5/30/2025,MB03,8,1050,1150,59.643602,-151.456355,0,NA,NA,NA,5,trace,mud,Whippo,
5/30/2025,MB03,9,1050,1150,59.644216,-151.457166,0,NA,NA,NA,1,none,mud-sand-cobble,Whippo,
6/2/2025,MB04,1,1500,1555,59.649312,-151.442835,25,1,45,NA,1,sparse,clay,Whippo,
6/2/2025,MB04,1,1500,1555,59.649312,-151.442835,25,2,34,NA,2,sparse,clay,Whippo,
6/2/2025,MB04,1,1500,1555,59.649312,-151.442835,25,3,28,NA,3,sparse,clay,Whippo,
6/2/2025,MB04,1,1500,1555,59.649312,-151.442835,25,4,33,NA,4,sparse,clay,Whippo,
6/2/2025,MB04,1,1500,1555,59.649312,-151.442835,25,5,23,NA,5,sparse,clay,Whippo,
6/2/2025,MB04,1,1500,1555,59.649312,-151.442835,25,NA,NA,NA,6,sparse,clay,Whippo,
6/2/2025,MB04,1,1500,1555,59.649312,-151.442835,25,NA,NA,NA,7,trace,clay,Whippo,
6/2/2025,MB04,1,1500,1555,59.649312,-151.442835,25,NA,NA,NA,8,sparse,clay,Whippo,
6/2/2025,MB04,1,1500,1555,59.649312,-151.442835,25,NA,NA,NA,9,sparse,clay,Whippo,
6/2/2025,MB04,2,1500,1555,59.647265,-151.446315,4,1,6,NA,1,sparse,clay,Whippo,
6/2/2025,MB04,2,1500,1555,59.647265,-151.446315,4,2,5,NA,2,trace,clay,Whippo,
6/2/2025,MB04,2,1500,1555,59.647265,-151.446315,4,3,6,NA,3,trace,clay,Whippo,
6/2/2025,MB04,2,1500,1555,59.647265,-151.446315,4,4,8,NA,4,sparse,clay,Whippo,
6/2/2025,MB04,2,1500,1555,59.647265,-151.446315,4,NA,NA,NA,5,sparse,clay,Whippo,
6/2/2025,MB04,2,1500,1555,59.647265,-151.446315,4,NA,NA,NA,6,sparse,clay,Whippo,
6/2/2025,MB04,2,1500,1555,59.647265,-151.446315,4,NA,NA,NA,7,sparse,clay,Whippo,
6/2/2025,MB04,2,1500,1555,59.647265,-151.446315,4,NA,NA,NA,8,thin,clay,Whippo,
6/2/2025,MB04,2,1500,1555,59.647265,-151.446315,4,NA,NA,NA,9,thin,clay,Whippo,
6/2/2025,MB04,3,1500,1555,59.645198,-151.449871,0,NA,NA,NA,1,sparse,clay,Whippo,
6/2/2025,MB04,3,1500,1555,59.645198,-151.449871,0,NA,NA,NA,2,thin,clay,Whippo,
6/2/2025,MB04,3,1500,1555,59.645198,-151.449871,0,NA,NA,NA,3,trace,clay,Whippo,
6/2/2025,MB04,3,1500,1555,59.645198,-151.449871,0,NA,NA,NA,4,thin,clay,Whippo,
6/2/2025,MB04,3,1500,1555,59.645198,-151.449871,0,NA,NA,NA,5,moderate,clay,Whippo,
6/2/2025,MB04,3,1500,1555,59.645198,-151.449871,0,NA,NA,NA,6,sparse,clay,Whippo,
6/2/2025,MB04,3,1500,1555,59.645198,-151.449871,0,NA,NA,NA,7,thin,clay,Whippo,
6/2/2025,MB04,3,1500,1555,59.645198,-151.449871,0,NA,NA,NA,8,thin,clay,Whippo,
6/2/2025,MB04,3,1500,1555,59.645198,-151.449871,0,NA,NA,NA,9,moderate,clay,Whippo,
6/2/2025,MB04,4,1500,1555,59.643141,-151.453312,47,1,32,NA,1,moderate,clay,Whippo,
6/2/2025,MB04,4,1500,1555,59.643141,-151.453312,47,2,29,NA,2,thin,clay,Whippo,
6/2/2025,MB04,4,1500,1555,59.643141,-151.453312,47,3,29,NA,3,thin,clay,Whippo,
6/2/2025,MB04,4,1500,1555,59.643141,-151.453312,47,4,27,NA,4,thin,clay,Whippo,
6/2/2025,MB04,4,1500,1555,59.643141,-151.453312,47,5,18,NA,5,moderate,clay,Whippo,
6/2/2025,MB04,4,1500,1555,59.643141,-151.453312,47,NA,NA,NA,6,thick,clay,Whippo,
6/2/2025,MB04,4,1500,1555,59.643141,-151.453312,47,NA,NA,NA,7,moderate,clay,Whippo,
6/2/2025,MB04,4,1500,1555,59.643141,-151.453312,47,NA,NA,NA,8,moderate,clay,Whippo,
6/2/2025,MB04,4,1500,1555,59.643141,-151.453312,47,NA,NA,NA,9,thin,clay,Whippo,
6/2/2025,MB04,5,1500,1555,59.641302,-151.456629,30,1,46,NA,1,thin,clay,Whippo,
6/2/2025,MB04,5,1500,1555,59.641302,-151.456629,30,2,53,NA,NA,NA,clay,Whippo,
6/2/2025,MB04,5,1500,1555,59.641302,-151.456629,30,3,49,NA,NA,NA,clay,Whippo,
6/2/2025,MB04,5,1500,1555,59.641302,-151.456629,30,4,38,NA,NA,NA,clay,Whippo,
6/2/2025,MB04,5,1500,1555,59.641302,-151.456629,30,5,29,NA,NA,NA,clay,Whippo,
6/13/2025,MBX,NA,930,1230,59.6099378,-151.433626,329,1,29,NA,1,thick,gravel-cobble,Whippo,"isolated patch, super dense over 10 x 10 m area, reproductive shoots"
6/13/2025,MBX,NA,930,1230,59.6099378,-151.433626,329,2,17,NA,NA,NA,gravel-cobble,Whippo,"isolated patch, super dense over 10 x 10 m area, reproductive shoots"
6/13/2025,MBX,NA,930,1230,59.6099378,-151.433626,329,3,26,NA,NA,NA,gravel-cobble,Whippo,"isolated patch, super dense over 10 x 10 m area, reproductive shoots"
6/13/2025,MBX,NA,930,1230,59.6099378,-151.433626,329,4,19,NA,NA,NA,gravel-cobble,Whippo,"isolated patch, super dense over 10 x 10 m area, reproductive shoots"
6/13/2025,MBX,NA,930,1230,59.6099378,-151.433626,329,5,35,NA,NA,NA,gravel-cobble,Whippo,"isolated patch, super dense over 10 x 10 m area, reproductive shoots"
6/13/2025,MBX,NA,930,1230,59.610265,-151.430518,NA,NA,NA,NA,1,none,NA,Whippo,
6/13/2025,MB05,1,930,1230,59.6096,-151.430641,0,NA,NA,NA,1,none,sand-cobble,Whippo,
6/13/2025,MB05,1,930,1230,59.6096,-151.430641,0,NA,NA,NA,2,thick,sand-cobble,Whippo,
6/13/2025,MB05,1,930,1230,59.6096,-151.430641,0,NA,NA,NA,3,thick,sand-cobble,Whippo,
6/13/2025,MB05,1,930,1230,59.6096,-151.430641,0,NA,NA,NA,4,thick,sand-cobble,Whippo,
6/13/2025,MB05,1,930,1230,59.6096,-151.430641,0,NA,NA,NA,5,thick,sand-cobble,Whippo,
6/13/2025,MB05,2,930,1230,59.610094,-151.431913,179,1,26,NA,1,thick,gravel-mud,Whippo,
6/13/2025,MB05,2,930,1230,59.610094,-151.431913,179,2,45,NA,2,thick,gravel-mud,Whippo,
6/13/2025,MB05,2,930,1230,59.610094,-151.431913,179,3,23,NA,3,moderate,gravel-mud,Whippo,
6/13/2025,MB05,2,930,1230,59.610094,-151.431913,179,4,33,NA,4,trace,gravel-mud,Whippo,
6/13/2025,MB05,2,930,1230,59.610094,-151.431913,179,5,31,NA,5,trace,gravel-mud,Whippo,
6/13/2025,MB05,3,930,1230,59.610592,-151.433177,0,NA,NA,NA,1,sparse,sand-cobble,Whippo,
6/13/2025,MB05,3,930,1230,59.610592,-151.433177,0,NA,NA,NA,2,thin,sand-cobble,Whippo,
6/13/2025,MB05,3,930,1230,59.610592,-151.433177,0,NA,NA,NA,3,moderate,sand-cobble,Whippo,
6/13/2025,MB05,3,930,1230,59.610592,-151.433177,0,NA,NA,NA,4,sparse,sand-cobble,Whippo,
6/13/2025,MB05,3,930,1230,59.610592,-151.433177,0,NA,NA,NA,5,sparse,sand-cobble,Whippo,
6/13/2025,MB05,4,930,1230,59.611033,-151.434375,23,1,70,0.5,1,moderate,mud,Whippo,reproductive eelgrass Q4
6/13/2025,MB05,4,930,1230,59.611033,-151.434375,23,2,39,0.3,2,sparse,mud,Whippo,reproductive eelgrass Q4
6/13/2025,MB05,4,930,1230,59.611033,-151.434375,23,3,59,0.5,3,sparse,mud,Whippo,reproductive eelgrass Q4
6/13/2025,MB05,4,930,1230,59.611033,-151.434375,23,4,40,0.3,4,trace,mud,Whippo,reproductive eelgrass Q4
6/13/2025,MB05,4,930,1230,59.611033,-151.434375,23,5,45,0.4,5,sparse,mud,Whippo,reproductive eelgrass Q4
6/13/2025,MB05,5,930,1230,59.611569,-151.435648,0,NA,NA,NA,1,trace,cobble-mud,Whippo,
6/13/2025,MB05,5,930,1230,59.611569,-151.435648,0,NA,NA,NA,2,moderate,cobble-mud,Whippo,
6/13/2025,MB05,5,930,1230,59.611569,-151.435648,0,NA,NA,NA,3,moderate,cobble-mud,Whippo,
6/13/2025,MB05,5,930,1230,59.611569,-151.435648,0,NA,NA,NA,4,thick,cobble-mud,Whippo,
6/13/2025,MB05,5,930,1230,59.611569,-151.435648,0,NA,NA,NA,5,thick,cobble-mud,Whippo,
6/13/2025,MB05,6,930,1230,59.612001,-151.436804,151,1,51,0.5,1,thick,mud,Whippo,
6/13/2025,MB05,6,930,1230,59.612001,-151.436804,151,2,28,0.3,2,moderate,mud,Whippo,
6/13/2025,MB05,6,930,1230,59.612001,-151.436804,151,3,55,0.4,3,moderate,mud,Whippo,
6/13/2025,MB05,6,930,1230,59.612001,-151.436804,151,4,26,0.3,4,moderate,mud,Whippo,
6/13/2025,MB05,6,930,1230,59.612001,-151.436804,151,5,21,0.25,5,thick,mud,Whippo,
6/13/2025,MB05,7,930,1230,59.612487,-151.437957,25,1,25,0.3,1,thin,mud,Whippo,
6/13/2025,MB05,7,930,1230,59.612487,-151.437957,25,2,11,0.2,NA,NA,NA,Whippo,
6/13/2025,MB05,7,930,1230,59.612487,-151.437957,25,3,19,0.25,NA,NA,NA,Whippo,
6/13/2025,MB05,7,930,1230,59.612487,-151.437957,25,4,38,0.4,NA,NA,NA,Whippo,
6/13/2025,MB05,7,930,1230,59.612487,-151.437957,25,5,23,0.25,NA,NA,NA,Whippo,
6/13/2025,MB06,1,930,1230,59.613129,-151.437062,45,1,22,0.3,1,thin,sand-mud,Whippo,"caprellids, peanut worm"
6/13/2025,MB06,1,930,1230,59.613129,-151.437062,45,2,49,0.5,2,thin,sand-mud,Whippo,"caprellids, peanut worm"
6/13/2025,MB06,1,930,1230,59.613129,-151.437062,45,3,25,0.3,3,sparse,sand-mud,Whippo,"caprellids, peanut worm"
6/13/2025,MB06,1,930,1230,59.613129,-151.437062,45,4,25,0.3,4,sparse,sand-mud,Whippo,"caprellids, peanut worm"
6/13/2025,MB06,1,930,1230,59.613129,-151.437062,45,5,42,0.4,5,thin,sand-mud,Whippo,"caprellids, peanut worm"
6/13/2025,MB06,1,930,1230,59.613129,-151.437062,45,NA,NA,NA,6,thin,sand-mud,Whippo,"caprellids, peanut worm"
6/13/2025,MB06,1,930,1230,59.613129,-151.437062,45,NA,NA,NA,7,thin,sand-mud,Whippo,"caprellids, peanut worm"
6/13/2025,MB06,1,930,1230,59.613129,-151.437062,45,NA,NA,NA,8,moderate,sand-mud,Whippo,"caprellids, peanut worm"
6/13/2025,MB06,1,930,1230,59.613129,-151.437062,45,NA,NA,NA,9,sparse,sand-mud,Whippo,"caprellids, peanut worm"
6/13/2025,MB06,2,930,1230,59.61572,-151.439794,34,1,17,0.2,1,thin,mud,Whippo,
6/13/2025,MB06,2,930,1230,59.61572,-151.439794,34,2,47,0.4,2,thin,mud,Whippo,
6/13/2025,MB06,2,930,1230,59.61572,-151.439794,34,3,7,0.15,3,trace,mud,Whippo,
6/13/2025,MB06,2,930,1230,59.61572,-151.439794,34,4,56,0.5,4,none,mud,Whippo,
6/13/2025,MB06,2,930,1230,59.61572,-151.439794,34,5,27,0.3,5,sparse,mud,Whippo,
6/13/2025,MB06,2,930,1230,59.61572,-151.439794,34,NA,NA,NA,6,none,mud,Whippo,
6/13/2025,MB06,2,930,1230,59.61572,-151.439794,34,NA,NA,NA,7,none,mud,Whippo,
6/13/2025,MB06,2,930,1230,59.61572,-151.439794,34,NA,NA,NA,8,none,mud,Whippo,
6/13/2025,MB06,2,930,1230,59.61572,-151.439794,34,NA,NA,NA,9,none,mud,Whippo,
6/13/2025,MB06,3,930,1230,59.618281,-151.442542,0,NA,NA,NA,1,trace,hash-mud,Whippo,
6/13/2025,MB06,3,930,1230,59.618281,-151.442542,0,NA,NA,NA,2,trace,hash-mud,Whippo,
6/13/2025,MB06,3,930,1230,59.618281,-151.442542,0,NA,NA,NA,3,none,hash-mud,Whippo,
6/13/2025,MB06,3,930,1230,59.618281,-151.442542,0,NA,NA,NA,4,sparse,hash-mud,Whippo,
6/13/2025,MB06,3,930,1230,59.618281,-151.442542,0,NA,NA,NA,5,none,hash-mud,Whippo,
6/13/2025,MB06,3,930,1230,59.618281,-151.442542,0,NA,NA,NA,6,none,hash-mud,Whippo,
6/13/2025,MB06,3,930,1230,59.618281,-151.442542,0,NA,NA,NA,7,trace,hash-mud,Whippo,
6/13/2025,MB06,3,930,1230,59.618281,-151.442542,0,NA,NA,NA,8,none,hash-mud,Whippo,
6/13/2025,MB06,3,930,1230,59.618281,-151.442542,0,NA,NA,NA,9,thin,hash-mud,Whippo,
6/13/2025,MB06,4,930,1230,59.620934,-151.445147,27,1,30,0.3,1,thin,sand-mud,Whippo,
6/13/2025,MB06,4,930,1230,59.620934,-151.445147,27,2,31,0.35,2,moderate,sand-mud,Whippo,
6/13/2025,MB06,4,930,1230,59.620934,-151.445147,27,3,20,0.25,3,none,sand-mud,Whippo,
6/13/2025,MB06,4,930,1230,59.620934,-151.445147,27,4,21,0.25,4,none,sand-mud,Whippo,
6/13/2025,MB06,4,930,1230,59.620934,-151.445147,27,5,22,0.2,5,trace,sand-mud,Whippo,
6/13/2025,MB06,4,930,1230,59.620934,-151.445147,27,NA,NA,NA,6,trace,sand-mud,Whippo,
6/13/2025,MB06,4,930,1230,59.620934,-151.445147,27,NA,NA,NA,7,none,sand-mud,Whippo,
6/13/2025,MB06,4,930,1230,59.620934,-151.445147,27,NA,NA,NA,8,none,sand-mud,Whippo,
6/13/2025,MB06,4,930,1230,59.620934,-151.445147,27,NA,NA,NA,9,none,sand-mud,Whippo,
6/13/2025,MB06,5,930,1230,59.623434,-151.447847,0,NA,NA,NA,1,sparse,hash-sand-mud,Whippo,
6/13/2025,MBX,NA,930,1230,59.624044,-151.445534,NA,NA,NA,NA,1,sparse,NA,Whippo,
6/13/2025,MBX,NA,930,1230,59.621895,-151.444723,NA,NA,NA,NA,1,trace,NA,Whippo,
6/13/2025,MBX,NA,930,1230,59.621363,-151.444651,NA,NA,NA,NA,1,thick,NA,Whippo,
6/13/2025,MBX,NA,930,1230,59.620542,-151.444395,NA,NA,NA,NA,1,none,NA,Whippo,
6/18/2025,MB07,1,1330,1530,59.626284,-151.468338,0,NA,NA,NA,1,none,sand,Whippo,
6/18/2025,MB07,1,1330,1530,59.626284,-151.468338,0,NA,NA,NA,2,none,sand,Whippo,
6/18/2025,MB07,1,1330,1530,59.626284,-151.468338,0,NA,NA,NA,3,none,sand,Whippo,
6/18/2025,MB07,1,1330,1530,59.626284,-151.468338,0,NA,NA,NA,4,none,sand,Whippo,
6/18/2025,MB07,1,1330,1530,59.626284,-151.468338,0,NA,NA,NA,5,none,sand,Whippo,
6/18/2025,MB07,1,1330,1530,59.626284,-151.468338,0,NA,NA,NA,6,none,sand,Whippo,
6/18/2025,MB07,1,1330,1530,59.626284,-151.468338,0,NA,NA,NA,7,none,sand,Whippo,
6/18/2025,MB07,1,1330,1530,59.626284,-151.468338,0,NA,NA,NA,8,trace,sand,Whippo,
6/18/2025,MB07,1,1330,1530,59.626284,-151.468338,0,NA,NA,NA,9,none,sand,Whippo,
6/18/2025,MB07,2,1330,1530,59.629161,-151.465608,0,NA,NA,NA,1,none,sand,Whippo,
6/18/2025,MB07,2,1330,1530,59.629161,-151.465608,0,NA,NA,NA,2,sparse,mud,Whippo,
6/18/2025,MB07,2,1330,1530,59.629161,-151.465608,0,NA,NA,NA,3,moderate,mud,Whippo,
6/18/2025,MB07,2,1330,1530,59.629161,-151.465608,0,NA,NA,NA,4,thick,mud,Whippo,
6/18/2025,MB07,2,1330,1530,59.629161,-151.465608,0,NA,NA,NA,5,thick,mud,Whippo,
6/18/2025,MB07,2,1330,1530,59.629161,-151.465608,0,NA,NA,NA,6,thick,mud,Whippo,
6/18/2025,MB07,2,1330,1530,59.629161,-151.465608,0,NA,NA,NA,7,thick,mud,Whippo,
6/18/2025,MB07,2,1330,1530,59.629161,-151.465608,0,NA,NA,NA,8,thick,mud,Whippo,
6/18/2025,MB07,2,1330,1530,59.629161,-151.465608,0,NA,NA,NA,9,thick,mud,Whippo,
6/18/2025,MB07,3,1330,1530,59.631548,-151.463332,171,1,78,0.4,1,thick,mud,Whippo,"exceptionally thick, reproductives"
6/18/2025,MB07,3,1330,1530,59.631548,-151.463332,171,2,88,0.4,2,thick,mud,Whippo,"exceptionally thick, reproductives"
6/18/2025,MB07,3,1330,1530,59.631548,-151.463332,171,3,89,0.4,3,thick,mud,Whippo,"exceptionally thick, reproductives"
6/18/2025,MB07,3,1330,1530,59.631548,-151.463332,171,4,84,0.4,4,thick,mud,Whippo,"exceptionally thick, reproductives"
6/18/2025,MB07,3,1330,1530,59.631548,-151.463332,171,5,52,0.3,5,thick,mud,Whippo,"exceptionally thick, reproductives"
6/18/2025,MB07,3,1330,1530,59.631548,-151.463332,171,NA,NA,NA,6,thick,mud,Whippo,"exceptionally thick, reproductives"
6/18/2025,MB07,3,1330,1530,59.631548,-151.463332,171,NA,NA,NA,7,thick,mud,Whippo,"exceptionally thick, reproductives"
6/18/2025,MB07,3,1330,1530,59.631548,-151.463332,171,NA,NA,NA,8,thick,mud,Whippo,"exceptionally thick, reproductives"
6/18/2025,MB07,3,1330,1530,59.631548,-151.463332,171,NA,NA,NA,9,thick,mud,Whippo,"exceptionally thick, reproductives"
6/18/2025,MB07,4,1330,1530,59.633953,-151.461111,115,1,25,0.3,1,thick,mud,Whippo,reproductives
6/18/2025,MB07,4,1330,1530,59.633953,-151.461111,115,2,45,0.4,2,thick,mud,Whippo,reproductives
6/18/2025,MB07,4,1330,1530,59.633953,-151.461111,115,3,68,0.5,3,thick,mud,Whippo,reproductives
6/18/2025,MB07,4,1330,1530,59.633953,-151.461111,115,4,82,0.5,4,thick,mud,Whippo,reproductives
6/18/2025,MB07,4,1330,1530,59.633953,-151.461111,115,5,62,0.5,5,thick,mud,Whippo,reproductives
6/18/2025,MB07,4,1330,1530,59.633953,-151.461111,115,NA,NA,NA,6,thick,mud,Whippo,reproductives
6/18/2025,MB07,4,1330,1530,59.633953,-151.461111,115,NA,NA,NA,7,thick,mud,Whippo,reproductives
6/18/2025,MB07,4,1330,1530,59.633953,-151.461111,115,NA,NA,NA,8,thick,mud,Whippo,reproductives
6/18/2025,MB07,4,1330,1530,59.633953,-151.461111,115,NA,NA,NA,9,thick,mud,Whippo,reproductives
6/18/2025,MB07,5,1330,1530,59.636297,-151.458938,155,1,55,0.3,1,thick,mud,Whippo,reproductives
6/18/2025,MB07,5,1330,1530,59.636297,-151.458938,155,2,81,0.5,NA,thick,mud,Whippo,reproductives
6/18/2025,MB07,5,1330,1530,59.636297,-151.458938,155,3,80,0.4,NA,thick,mud,Whippo,reproductives
6/18/2025,MB07,5,1330,1530,59.636297,-151.458938,155,4,56,0.4,NA,thick,mud,Whippo,reproductives
6/18/2025,MB07,5,1330,1530,59.636297,-151.458938,155,5,73,0.5,NA,thick,mud,Whippo,reproductives
6/18/2025,MBX,NA,1330,1530,59.63506,-151.454592,NA,NA,NA,NA,1,thick,NA,Whippo,
6/18/2025,MBX,NA,1330,1530,59.634754,-151.45575,NA,NA,NA,NA,1,thick,NA,Whippo,
6/18/2025,MBX,NA,1330,1530,59.634417,-151.457649,NA,NA,NA,NA,1,thick,NA,Whippo,
6/18/2025,MBX,NA,1330,1530,59.633254,-151.459077,NA,NA,NA,NA,1,thick,NA,Whippo,
6/18/2025,MBX,NA,1330,1530,59.631234,-151.461287,NA,NA,NA,NA,1,thick,NA,Whippo,
6/18/2025,MBX,NA,1330,1530,59.629458,-151.461606,NA,NA,NA,NA,1,thick,NA,Whippo,
6/18/2025,MBX,NA,1330,1530,59.628495,-151.461632,NA,NA,NA,NA,1,thick,NA,Whippo,
6/18/2025,MBX,NA,1330,1530,59.628368,-151.461655,NA,NA,NA,NA,1,thin,NA,Whippo,
6/18/2025,MBX,NA,1330,1530,59.627893,-151.462003,NA,NA,NA,NA,1,sparse,NA,Whippo,
6/18/2025,MBX,NA,1330,1530,59.627114,-151.462411,NA,NA,NA,NA,1,trace,NA,Whippo,
6/18/2025,MBX,NA,1330,1530,59.625546,-151.462935,NA,NA,NA,NA,1,trace,NA,Whippo,
6/18/2025,MBX,NA,1330,1530,59.625467,-151.46296,0,NA,NA,NA,1,none,NA,Whippo,
7/15/2025,MBX,NA,1205,1330,59.609759,-151.428052,NA,NA,NA,NA,1,sparse,NA,Whippo,
7/15/2025,MBX,NA,1205,1330,59.609905,-151.428391,NA,NA,NA,NA,1,moderate,NA,Whippo,
7/15/2025,MBX,NA,1205,1330,59.610123,-151.428758,NA,NA,NA,NA,1,thin,NA,Whippo,
7/15/2025,MBX,NA,1205,1330,59.610241,-151.42926,0,NA,NA,NA,1,none,NA,Whippo,
7/15/2025,MBX,NA,1205,1330,59.610161,-151.430232,NA,NA,NA,NA,1,sparse,NA,Whippo,
7/15/2025,MBX,NA,1205,1330,59.609897,-151.43055,206,1,80,0.5,1,thick,mud,Whippo,reproductives w/o seeds
7/15/2025,MBX,NA,1205,1330,59.609897,-151.43055,206,2,89,0.5,NA,thick,mud,Whippo,reproductives w/o seeds
7/15/2025,MBX,NA,1205,1330,59.609897,-151.43055,206,3,72,0.4,NA,thick,mud,Whippo,reproductives w/o seeds
7/15/2025,MBX,NA,1205,1330,59.609897,-151.43055,206,4,110,0.5,NA,thick,mud,Whippo,reproductives w/o seeds
7/15/2025,MBX,NA,1205,1330,59.609897,-151.43055,206,5,97,0.4,NA,thick,mud,Whippo,reproductives w/o seeds
7/15/2025,MBX,NA,1205,1330,59.609442,-151.431126,116,1,57,0.4,1,thick,mud,Whippo,"reproductives w/o seeds, wasting?"
7/15/2025,MBX,NA,1205,1330,59.609442,-151.431126,116,2,74,0.5,NA,thick,mud,Whippo,"reproductives w/o seeds, wasting?"
7/15/2025,MBX,NA,1205,1330,59.609442,-151.431126,116,3,45,0.4,NA,thick,mud,Whippo,"reproductives w/o seeds, wasting?"
7/15/2025,MBX,NA,1205,1330,59.609442,-151.431126,116,4,66,0.4,NA,thick,mud,Whippo,"reproductives w/o seeds, wasting?"
7/15/2025,MBX,NA,1205,1330,59.609442,-151.431126,116,5,52,0.3,NA,thick,mud,Whippo,"reproductives w/o seeds, wasting?"
7/24/2025,MBX,NA,930,1000,59.607101,-151.420151,NA,NA,NA,NA,1,moderate,NA,Whippo,seagrass wrack present
7/24/2025,MB08,NA,930,1000,59.607356,-151.420556,NA,NA,NA,NA,1,thick,NA,Whippo,seagrass wrack present
7/24/2025,MB08,NA,930,1000,59.607587,-151.42094,NA,NA,NA,NA,1,thick,NA,Whippo,seagrass wrack present
7/24/2025,MB08,NA,930,1000,59.607808,-151.421467,NA,NA,NA,NA,1,none,NA,Whippo,seagrass wrack present
7/24/2025,MB08,NA,930,1000,59.607985,-151.421947,NA,NA,NA,NA,1,none,NA,Whippo,seagrass wrack present
7/24/2025,MB08,NA,930,1000,59.608187,-151.422509,NA,NA,NA,NA,1,none,NA,Whippo,seagrass wrack present
7/24/2025,MB08,NA,930,1000,59.60835,-151.423024,NA,NA,NA,NA,1,thin,NA,Whippo,seagrass wrack present
7/24/2025,MB08,NA,930,1000,59.608509,-151.423542,NA,NA,NA,NA,1,moderate,NA,Whippo,seagrass wrack present
7/24/2025,MB08,NA,930,1000,59.608703,-151.424115,NA,NA,NA,NA,1,moderate,NA,Whippo,seagrass wrack present
7/24/2025,MB08,NA,930,1000,59.608892,-151.424656,NA,NA,NA,NA,1,moderate,NA,Whippo,seagrass wrack present
7/24/2025,MB08,NA,930,1000,59.609082,-151.425236,NA,NA,NA,NA,1,sparse,NA,Whippo,seagrass wrack present
7/24/2025,MB08,NA,930,1000,59.609247,-151.425856,NA,NA,NA,NA,1,thin,NA,Whippo,seagrass wrack present
7/24/2025,MB08,NA,930,1000,59.609426,-151.426469,NA,NA,NA,NA,1,sparse,NA,Whippo,seagrass wrack present
7/24/2025,MB08,NA,930,1000,59.609574,-151.426996,NA,NA,NA,NA,1,thin,NA,Whippo,seagrass wrack present
7/24/2025,MB08,NA,930,1000,59.609734,-151.427516,NA,NA,NA,NA,1,thin,NA,Whippo,seagrass wrack present
7/24/2025,MB08,NA,930,1000,59.609873,-151.428071,NA,NA,NA,NA,1,trace,NA,Whippo,seagrass wrack present
7/24/2025,MB08,NA,930,1000,59.610137,-151.428661,NA,NA,NA,NA,1,thick,NA,Whippo,seagrass wrack present
7/24/2025,MB08,NA,930,1000,59.610279,-151.429183,NA,NA,NA,NA,1,trace,NA,Whippo,seagrass wrack present
7/24/2025,MB08,NA,930,1000,59.610502,-151.429814,NA,NA,NA,NA,1,trace,NA,Whippo,seagrass wrack present
7/24/2025,MB08,NA,930,1000,59.610655,-151.430298,NA,NA,NA,NA,1,none,NA,Whippo,seagrass wrack present
7/24/2025,MB08,NA,930,1000,59.610817,-151.430993,NA,NA,NA,NA,1,trace,NA,Whippo,seagrass wrack present
7/24/2025,MB08,NA,930,1000,59.61096,-151.431606,NA,NA,NA,NA,1,trace,NA,Whippo,seagrass wrack present
7/24/2025,MB08,NA,930,1000,59.611181,-151.432112,NA,NA,NA,NA,1,trace,NA,Whippo,seagrass wrack present
7/24/2025,MB08,NA,930,1000,59.611407,-151.432512,NA,NA,NA,NA,1,trace,NA,Whippo,seagrass wrack present
7/24/2025,MB08,NA,930,1000,59.611623,-151.433079,NA,NA,NA,NA,1,sparse,NA,Whippo,seagrass wrack present
7/24/2025,MB08,NA,930,1000,59.611871,-151.433609,NA,NA,NA,NA,1,sparse,NA,Whippo,seagrass wrack present
7/24/2025,MB08,NA,930,1000,59.612094,-151.434057,NA,NA,NA,NA,1,thin,NA,Whippo,seagrass wrack present
7/24/2025,MB08,NA,930,1000,59.612305,-151.434564,NA,NA,NA,NA,1,moderate,NA,Whippo,seagrass wrack present
7/24/2025,MBX,NA,930,1000,59.61256,-151.434287,NA,NA,NA,NA,1,thick,NA,Whippo,seagrass wrack present
7/24/2025,MBX,NA,930,1000,59.612544,-151.434044,NA,NA,NA,NA,1,moderate,NA,Whippo,seagrass wrack present
7/24/2025,MBX,NA,930,1000,59.612404,-151.433669,NA,NA,NA,NA,1,thin,NA,Whippo,seagrass wrack present
7/24/2025,MBX,NA,930,1000,59.611991,-151.434504,NA,NA,NA,NA,1,moderate,NA,Whippo,seagrass wrack present
7/24/2025,MBX,NA,930,1000,59.611796,-151.434993,NA,NA,NA,NA,1,sparse,NA,Whippo,seagrass wrack present
7/24/2025,MBX,NA,930,1000,59.61154,-151.435695,NA,NA,NA,NA,1,thin,NA,Whippo,seagrass wrack present
7/24/2025,MBX,NA,930,1000,59.611262,-151.436186,NA,NA,NA,NA,1,sparse,NA,Whippo,seagrass wrack present
7/24/2025,MBX,NA,930,1000,59.611188,-151.43632,NA,NA,NA,NA,1,thick,NA,Whippo,seagrass wrack present
7/24/2025,MBX,NA,930,1000,59.611043,-151.436501,NA,NA,NA,NA,1,none,NA,Whippo,seagrass wrack present
7/24/2025,MBX,NA,930,1000,59.610949,-151.436726,NA,NA,NA,NA,1,thick,NA,Whippo,seagrass wrack present
7/24/2025,MBX,NA,930,1000,59.61077,-151.437098,NA,NA,NA,NA,1,none,NA,Whippo,seagrass wrack present
7/24/2025,MBX,NA,930,1000,59.610761,-151.437377,NA,NA,NA,NA,1,thin,NA,Whippo,seagrass wrack present
7/24/2025,MBX,NA,930,1000,59.61039,-151.436877,NA,NA,NA,NA,1,none,NA,Whippo,seagrass wrack present
7/24/2025,MBX,NA,930,1000,59.609796,-151.435885,NA,NA,NA,NA,1,none,NA,Whippo,seagrass wrack present
